frame,x,y,z,confidence,source
0,0.8563123356886867,-0.8540474123490233,1.3948321863144952,1.0,lander
0,0.854836235463244,0.8565136827751663,1.3481571289962937,1.0,lander
0,-0.8563488793998282,0.8552176772406965,1.3547770263300547,1.0,lander
0,-0.8548727791743855,-0.8553434178834932,1.4014520836482562,1.0,lander
2,0.8563123356886867,-0.8540474123490233,1.3948321863144952,1.0,rover
2,0.854836235463244,0.8565136827751663,1.3481571289962937,1.0,rover
2,-0.8563488793998282,0.8552176772406965,1.3547770263300547,1.0,rover
2,-0.8548727791743855,-0.8553434178834932,1.4014520836482562,1.0,rover
60,-2.769572834451184,-3.292343291723778,1.292338661316607,0.6,depth
60,-1.9589129095027533,-3.013108848980152,1.2635677408135793,0.6,depth
60,-2.7668311050669256,-3.2552375460563914,1.1233660239761902,0.6,depth
60,-2.58362206941202,-3.1504567296358985,1.1422203140968936,0.6,depth
60,-3.2612147712565402,-3.453455098703012,1.2258571797150544,0.6,depth
60,-2.1038601504630585,-3.0464722510839444,1.2343369539714755,0.6,depth
60,-2.3823729122585204,-3.11150147522966,1.2320122151591397,0.6,depth
60,-1.953242466247625,-3.0031080093858056,1.101571427404942,0.6,depth
60,-1.8829606411609294,-2.984088541541885,1.250378407489911,0.6,depth
60,-2.3770672371409884,-3.138956968076151,1.2107207779355131,0.6,depth
60,-2.247700645802621,-3.122430017607782,1.2416105889943678,0.6,depth
60,-2.522518459508227,-3.13816515992282,1.161082463385627,0.6,depth
61,-2.769572834451184,-3.292343291723778,1.292338661316607,1.0,rover
61,-1.9589129095027533,-3.013108848980152,1.2635677408135793,1.0,rover
61,-2.7668311050669256,-3.2552375460563914,1.1233660239761902,1.0,rover
61,-2.58362206941202,-3.1504567296358985,1.1422203140968936,1.0,rover
61,-3.2612147712565402,-3.453455098703012,1.2258571797150544,1.0,rover
61,-2.1038601504630585,-3.0464722510839444,1.2343369539714755,1.0,rover
61,-2.3823729122585204,-3.11150147522966,1.2320122151591397,1.0,rover
61,-1.953242466247625,-3.0031080093858056,1.101571427404942,1.0,rover
61,-1.8829606411609294,-2.984088541541885,1.250378407489911,1.0,rover
61,-2.3770672371409884,-3.138956968076151,1.2107207779355131,1.0,rover
61,-2.247700645802621,-3.122430017607782,1.2416105889943678,1.0,rover
61,-2.522518459508227,-3.13816515992282,1.161082463385627,1.0,rover
62,-2.3103629251823143,-4.457898393526863,1.3208038876008223,1.0,rover
62,-1.931115912836742,-4.313716033440802,1.3060001493239413,1.0,rover
62,-2.1527949386935425,-4.872957202749361,1.3149289815865974,1.0,rover
62,-1.7735479263479705,-4.7287748426633,1.3001252433097163,1.0,rover
80,-2.666764532426034,-3.24009110224661,1.2026927464706059,0.6,depth
80,-3.11067331375186,-3.431458263111427,1.2243581062154705,0.6,depth
80,-2.1575220717771466,-3.0517996695424916,1.1580706231452385,0.6,depth
80,-2.9322720759588368,-3.3267974205725013,1.2460281594947278,0.6,depth
80,-2.5161900045503467,-3.04083516079624,1.2798144133208216,0.6,depth
80,-2.629624380615572,-3.2613695469184725,1.2002514138213485,0.6,depth
80,-2.3416402958512115,-3.1177523415261215,1.1209620803014282,0.6,depth
80,-2.6214922361432302,-3.2404502217833375,1.2164340805113565,0.6,depth
80,-2.9163219542929486,-3.325994903543943,1.1506477586635762,0.6,depth
80,-2.4962986163440073,-3.1749562636906985,1.1618324188496478,0.6,depth
80,-2.5750537358565175,-3.206493202058918,1.1458682530017652,0.6,depth
81,-2.666764532426034,-3.24009110224661,1.2026927464706059,1.0,rover
81,-3.11067331375186,-3.431458263111427,1.2243581062154705,1.0,rover
81,-2.1575220717771466,-3.0517996695424916,1.1580706231452385,1.0,rover
81,-2.9322720759588368,-3.3267974205725013,1.2460281594947278,1.0,rover
81,-2.5161900045503467,-3.04083516079624,1.2798144133208216,1.0,rover
81,-2.629624380615572,-3.2613695469184725,1.2002514138213485,1.0,rover
81,-2.3416402958512115,-3.1177523415261215,1.1209620803014282,1.0,rover
81,-2.6214922361432302,-3.2404502217833375,1.2164340805113565,1.0,rover
81,-2.9163219542929486,-3.325994903543943,1.1506477586635762,1.0,rover
81,-2.4962986163440073,-3.1749562636906985,1.1618324188496478,1.0,rover
81,-2.5750537358565175,-3.206493202058918,1.1458682530017652,1.0,rover
82,-2.315311768912236,-4.454226217199144,1.3206774612850818,1.0,rover
82,-1.9359461949916168,-4.310364503099883,1.3057922827405775,1.0,rover
82,-2.1580985361818055,-4.869418108805248,1.3147031329552505,1.0,rover
82,-1.7787329622611867,-4.725556394705987,1.2998179544107462,1.0,rover
260,-3.8093181488527765,-2.05264395828455,1.1321656288903441,0.6,depth
260,-4.869692327791368,-2.732849509048884,1.0868984153079633,0.6,depth
260,-4.624827277775362,-2.622245952361597,1.1834466138275006,0.6,depth
260,-4.8882479825536675,-2.784956740908866,1.1476234860898513,0.6,depth
260,-5.125022349457783,-2.567366556982342,1.2110437605125661,0.6,depth
260,-3.9473179713979407,-2.1078013492941974,1.2606379117097612,0.6,depth
260,-4.271017313709457,-2.256228408463698,1.1015441550200962,0.6,depth
261,-3.8093181488527765,-2.05264395828455,1.1321656288903441,1.0,rover
261,-4.869692327791368,-2.732849509048884,1.0868984153079633,1.0,rover
261,-4.624827277775362,-2.622245952361597,1.1834466138275006,1.0,rover
261,-4.8882479825536675,-2.784956740908866,1.1476234860898513,1.0,rover
261,-5.125022349457783,-2.567366556982342,1.2110437605125661,1.0,rover
261,-3.9473179713979407,-2.1078013492941974,1.2606379117097612,1.0,rover
261,-4.271017313709457,-2.256228408463698,1.1015441550200962,1.0,rover
262,-3.840234422428285,-3.5691495179568014,1.310440137718232,1.0,rover
262,-3.5061310024003958,-3.338617461307499,1.318556515155879,1.0,rover
262,-3.588085010275219,-3.9346031075439125,1.311029890851613,1.0,rover
262,-3.2539815902473292,-3.7040710508946098,1.3191462682892596,1.0,rover
280,-4.898763358092922,-2.8321527587734643,1.341642168797623,0.6,depth
280,-4.816910851341559,-2.8154818898680816,1.3550844322972193,0.6,depth
280,-4.271032285352716,-2.2831219286059876,1.2495236845536544,0.6,depth
280,-3.88115992705468,-2.1328116319339885,1.263847351746561,0.6,depth
280,-4.83417879702385,-2.385980951989266,1.3935013854050424,0.6,depth
280,-4.918394049777031,-2.8872715568097695,1.3374547199553333,0.6,depth
280,-4.516853727690802,-2.453923850144758,1.4255595195604478,0.6,depth
280,-4.6712980366420265,-2.083972131458343,1.0635474991456202,0.6,depth
280,-3.902001259608814,-2.0796682581602344,1.328230703338415,0.6,depth
280,-3.8595815502828206,-2.115918652206666,1.3827440077219657,0.6,depth
280,-4.144219367960658,-2.2896018608202864,1.4052861209059284,0.6,depth
281,-4.898763358092922,-2.8321527587734643,1.341642168797623,1.0,rover
281,-4.816910851341559,-2.8154818898680816,1.3550844322972193,1.0,rover
281,-4.271032285352716,-2.2831219286059876,1.2495236845536544,1.0,rover
281,-3.88115992705468,-2.1328116319339885,1.263847351746561,1.0,rover
281,-4.83417879702385,-2.385980951989266,1.3935013854050424,1.0,rover
281,-4.918394049777031,-2.8872715568097695,1.3374547199553333,1.0,rover
281,-4.516853727690802,-2.453923850144758,1.4255595195604478,1.0,rover
281,-4.6712980366420265,-2.083972131458343,1.0635474991456202,1.0,rover
281,-3.902001259608814,-2.0796682581602344,1.328230703338415,1.0,rover
281,-3.8595815502828206,-2.115918652206666,1.3827440077219657,1.0,rover
281,-4.144219367960658,-2.2896018608202864,1.4052861209059284,1.0,rover
282,-3.83764594505467,-3.622328135413811,1.4874248091755844,1.0,rover
282,-3.5058345251913257,-3.3885480397214076,1.4782570119307472,1.0,rover
282,-3.581842090358585,-3.98519733544342,1.4925562409928927,1.0,rover
282,-3.250030670495241,-3.7514172397510173,1.4833884437480553,1.0,rover
460,-2.9499354824688973,-1.0774591284258428,1.3931971785603314,0.6,depth
460,-2.9736811175922755,-0.5821833074768914,1.3941684652593525,0.6,depth
460,-0.8415853529519062,-0.724454208773402,1.47216594705447,0.6,depth
460,-2.5009004437394653,-1.0735549606289885,1.3539639832519899,0.6,depth
460,-2.6315863272535083,-0.7966142990474849,1.437377318035144,0.6,depth
460,-2.5847837440294827,-0.816079387460555,1.439654421705818,0.6,depth
460,-2.4583686692819167,-1.5282839008544409,1.427952920156572,0.6,depth
460,0.538873004317443,-0.7844385243872354,1.4278412382994115,0.6,depth
460,0.5863544080860761,-0.6949890361509239,1.456061848590807,0.6,depth
460,-1.7791378865647256,1.1939025704620794,1.2013270249533736,0.6,depth
461,-2.9499354824688973,-1.0774591284258428,1.3931971785603314,1.0,rover
461,-2.9736811175922755,-0.5821833074768914,1.3941684652593525,1.0,rover
461,-0.8415853529519062,-0.724454208773402,1.47216594705447,1.0,rover
461,-2.5009004437394653,-1.0735549606289885,1.3539639832519899,1.0,rover
461,-2.6315863272535083,-0.7966142990474849,1.437377318035144,1.0,rover
461,-2.5847837440294827,-0.816079387460555,1.439654421705818,1.0,rover
461,-2.4583686692819167,-1.5282839008544409,1.427952920156572,1.0,rover
461,0.538873004317443,-0.7844385243872354,1.4278412382994115,1.0,rover
461,0.5863544080860761,-0.6949890361509239,1.456061848590807,1.0,rover
461,-1.7791378865647256,1.1939025704620794,1.2013270249533736,1.0,rover
462,-3.912184533310483,-1.9117052117030187,1.3791609216822305,1.0,rover
462,-3.621124518126568,-2.1919699287259857,1.418806299132516,1.0,rover
462,-4.215274889940737,-2.2329310746816793,1.3334861948482293,1.0,rover
462,-3.9242148747568217,-2.5131957917046464,1.3731315722985151,1.0,rover
480,0.640885079555809,-0.790798633252705,1.4726065948251656,0.6,depth
480,-3.3687717466136338,-0.46167109883710333,1.3621942725539242,0.6,depth
480,-3.277286233109275,-0.781369401016818,1.4056509454574089,0.6,depth
480,-3.1904336352317566,-0.8782734414627977,1.3893946630458491,0.6,depth
480,-2.695371239451983,-0.7591227558747089,1.4361495990467257,0.6,depth
480,-3.3034840172834112,-0.7497456541995837,1.2708820231891136,0.6,depth
480,-2.6259032857043945,-1.3091014402061076,1.3599657952237016,0.6,depth
481,0.640885079555809,-0.790798633252705,1.4726065948251656,1.0,rover
481,-3.3687717466136338,-0.46167109883710333,1.3621942725539242,1.0,rover
481,-3.277286233109275,-0.781369401016818,1.4056509454574089,1.0,rover
481,-3.1904336352317566,-0.8782734414627977,1.3893946630458491,1.0,rover
481,-2.695371239451983,-0.7591227558747089,1.4361495990467257,1.0,rover
481,-3.3034840172834112,-0.7497456541995837,1.2708820231891136,1.0,rover
481,-2.6259032857043945,-1.3091014402061076,1.3599657952237016,1.0,rover
482,-3.90960752465598,-1.912770237999963,1.3800002783245435,1.0,rover
482,-3.6185382663425307,-2.1930398347496927,1.419543166466446,1.0,rover
482,-4.212659003747791,-2.23398785316088,1.3340106628597619,1.0,rover
482,-3.9215897454343422,-2.51425744991061,1.3735535510016645,1.0,rover
660,-3.619913231158865,0.8406901327188289,1.2901884733057483,0.6,depth
660,-3.433009764074764,0.5659192093846762,1.2404835651832542,0.6,depth
660,-3.8386921481874174,0.5585986531162891,1.2546821324135733,0.6,depth
660,-3.8863695834729888,0.5530056629764458,1.2625857305795853,0.6,depth
660,-2.803308601051924,0.5822788540228,1.3041361488448482,0.6,depth
660,-3.430942673984007,0.8302064489130959,1.1024842738772624,0.6,depth
661,-3.619913231158865,0.8406901327188289,1.2901884733057483,1.0,rover
661,-3.433009764074764,0.5659192093846762,1.2404835651832542,1.0,rover
661,-3.8386921481874174,0.5585986531162891,1.2546821324135733,1.0,rover
661,-3.8863695834729888,0.5530056629764458,1.2625857305795853,1.0,rover
661,-2.803308601051924,0.5822788540228,1.3041361488448482,1.0,rover
661,-3.430942673984007,0.8302064489130959,1.1024842738772624,1.0,rover
662,-3.5102200126441927,-0.6711756173174002,1.382673097504439,1.0,rover
662,-3.1049026378627507,-0.6604032529477125,1.4035963349730254,1.0,rover
662,-3.498577177121136,-1.1150130037655845,1.3856427392047441,1.0,rover
662,-3.0932598023396936,-1.104240639395897,1.4065659766733303,1.0,rover
680,-3.8941566042755102,0.6336086039980391,1.1744615485358616,0.6,depth
680,-4.0656669030705945,0.5559560444285789,1.358872909187851,0.6,depth
680,-4.045629530209416,0.5976121089367572,1.3123546944605624,0.6,depth
680,-3.2582833042830264,0.6359625836605458,1.2499458494599085,0.6,depth
680,-3.5932978756244958,0.5537052310440196,1.384646369185431,0.6,depth
680,-2.6079630624108843,0.6048457608965565,1.299704112426087,0.6,depth
681,-3.8941566042755102,0.6336086039980391,1.1744615485358616,1.0,rover
681,-4.0656669030705945,0.5559560444285789,1.358872909187851,1.0,rover
681,-4.045629530209416,0.5976121089367572,1.3123546944605624,1.0,rover
681,-3.2582833042830264,0.6359625836605458,1.2499458494599085,1.0,rover
681,-3.5932978756244958,0.5537052310440196,1.384646369185431,1.0,rover
681,-2.6079630624108843,0.6048457608965565,1.299704112426087,1.0,rover
682,-3.5070767941488907,-0.6696475469424484,1.384896990972755,1.0,rover
682,-3.1017368454807146,-0.6591079026424994,1.4054989790251522,1.0,rover
682,-3.4956905744208395,-1.1134911033082389,1.3879386143669443,1.0,rover
682,-3.090350625752664,-1.1029514590082898,1.4085406024193416,1.0,rover
860,-2.9656841601448685,1.8410183971881682,1.2723620604742867,0.6,depth
860,-3.108776691503999,1.8250957807025583,1.1964971737286185,0.6,depth
860,-2.8527684929601893,1.771230856973959,1.2205381460819298,0.6,depth
860,-3.1157389981698667,1.8178324629445095,1.3181641245043703,0.6,depth
861,-2.9656841601448685,1.8410183971881682,1.2723620604742867,1.0,rover
861,-3.108776691503999,1.8250957807025583,1.1964971737286185,1.0,rover
861,-2.8527684929601893,1.771230856973959,1.2205381460819298,1.0,rover
861,-3.1157389981698667,1.8178324629445095,1.3181641245043703,1.0,rover
862,-3.9764682408584355,0.7936317874669538,1.3664252038224316,1.0,rover
862,-3.61649276762744,0.6068718426255327,1.385774148882821,1.0,rover
862,-4.180767256981323,0.3994457002514642,1.3625212754210867,1.0,rover
862,-3.8207917837503267,0.21268575541004314,1.3818702204814761,1.0,rover
880,-2.6457071272385004,1.6015587730902343,1.295390681337621,0.6,depth
880,-2.6352499710375294,1.5432034166062736,1.4025982274623416,0.6,depth
880,-3.71502364618107,2.098906611374327,1.1458618084861785,0.6,depth
880,-3.164160197916442,1.9717810259168362,1.207474322821525,0.6,depth
880,-2.7885301211675992,1.607614766657451,1.3817920612027585,0.6,depth
880,-3.384033857706603,1.9473675737439868,1.3137908813376888,0.6,depth
880,-3.7151431633971206,2.09963234962008,1.1495992823760002,0.6,depth
881,-2.6457071272385004,1.6015587730902343,1.295390681337621,1.0,rover
881,-2.6352499710375294,1.5432034166062736,1.4025982274623416,1.0,rover
881,-3.71502364618107,2.098906611374327,1.1458618084861785,1.0,rover
881,-3.164160197916442,1.9717810259168362,1.207474322821525,1.0,rover
881,-2.7885301211675992,1.607614766657451,1.3817920612027585,1.0,rover
881,-3.384033857706603,1.9473675737439868,1.3137908813376888,1.0,rover
881,-3.7151431633971206,2.09963234962008,1.1495992823760002,1.0,rover
882,-3.962653881799797,0.7914599615269683,1.3708514706502366,1.0,rover
882,-3.602841351265909,0.6043654399589939,1.389997824612563,1.0,rover
882,-4.1673141057938174,0.3974617341864548,1.3669031080465066,1.0,rover
882,-3.8075015752599293,0.21036721261848046,1.3860494620088333,1.0,rover
1260,0.3306196615272162,5.804636842331759,1.6610602765578943,0.6,depth
1260,0.6349428290960809,5.903517016452934,1.6925809062886576,0.6,depth
1260,0.5953546295047638,5.890338089644425,1.6907006951553938,0.6,depth
1260,0.1132861942950909,5.6587336853028685,1.7308875989470425,0.6,depth
1260,1.0370745696855752,7.898670595650704,1.7310774516178766,0.6,depth
1260,0.6349233320015095,5.903262260406331,1.6938630334468308,0.6,depth
1260,0.5106669779637638,5.854602183549958,1.6584265280068333,0.6,depth
1260,0.3054449736031535,5.77980274624121,1.6387842978748515,0.6,depth
1260,0.5239223199788094,5.860625505857643,1.6559442344785291,0.6,depth
1260,0.4720006710464661,5.862438113862578,1.7049763804055986,0.6,depth
1261,0.3306196615272162,5.804636842331759,1.6610602765578943,1.0,rover
1261,0.6349428290960809,5.903517016452934,1.6925809062886576,1.0,rover
1261,0.5953546295047638,5.890338089644425,1.6907006951553938,1.0,rover
1261,0.1132861942950909,5.6587336853028685,1.7308875989470425,1.0,rover
1261,1.0370745696855752,7.898670595650704,1.7310774516178766,1.0,rover
1261,0.6349233320015095,5.903262260406331,1.6938630334468308,1.0,rover
1261,0.5106669779637638,5.854602183549958,1.6584265280068333,1.0,rover
1261,0.3054449736031535,5.77980274624121,1.6387842978748515,1.0,rover
1261,0.5239223199788094,5.860625505857643,1.6559442344785291,1.0,rover
1261,0.4720006710464661,5.862438113862578,1.7049763804055986,1.0,rover
1262,0.5115973524457815,4.476548012715979,1.5924317562925934,1.0,rover
1262,0.8837523807983164,4.6345470067919665,1.6294851332358626,1.0,rover
1262,0.6889487383181474,4.076804593055689,1.5157005086326698,1.0,rover
1262,1.0611037666706822,4.234803587131677,1.552753885575939,1.0,rover
1280,0.8592787668731003,5.959913036779231,1.6130138946306303,0.6,depth
1280,0.620716178049656,5.886032844839982,1.6692341157699357,0.6,depth
1280,-0.43284651550707487,5.753514171095198,1.4870338436731627,0.6,depth
1280,0.31050204812404514,5.79886780215388,1.6465218372343013,0.6,depth
1280,0.43975050583515984,5.816371882066695,1.5661438129688663,0.6,depth
1280,0.2676805164856296,5.73353985642011,1.5530868393358808,0.6,depth
1280,0.6733404038930805,5.881451441263433,1.5871928657969534,0.6,depth
1280,0.2647972457147342,5.785396569113286,1.5659849230158263,0.6,depth
1280,0.4974715412217018,5.796990463795339,1.6328525358704964,0.6,depth
1280,0.47539589685407174,5.987114896807597,1.7319155239767419,0.6,depth
1280,0.7032578203482815,5.88310069255514,1.666399354353499,0.6,depth
1280,-0.5753166201225774,5.720199725276213,1.6368166542200278,0.6,depth
1280,-0.37612758525433976,5.504718694244524,1.5029956230806154,0.6,depth
1281,0.8592787668731003,5.959913036779231,1.6130138946306303,1.0,rover
1281,0.620716178049656,5.886032844839982,1.6692341157699357,1.0,rover
1281,-0.43284651550707487,5.753514171095198,1.4870338436731627,1.0,rover
1281,0.31050204812404514,5.79886780215388,1.6465218372343013,1.0,rover
1281,0.43975050583515984,5.816371882066695,1.5661438129688663,1.0,rover
1281,0.2676805164856296,5.73353985642011,1.5530868393358808,1.0,rover
1281,0.6733404038930805,5.881451441263433,1.5871928657969534,1.0,rover
1281,0.2647972457147342,5.785396569113286,1.5659849230158263,1.0,rover
1281,0.4974715412217018,5.796990463795339,1.6328525358704964,1.0,rover
1281,0.47539589685407174,5.987114896807597,1.7319155239767419,1.0,rover
1281,0.7032578203482815,5.88310069255514,1.666399354353499,1.0,rover
1281,-0.5753166201225774,5.720199725276213,1.6368166542200278,1.0,rover
1281,-0.37612758525433976,5.504718694244524,1.5029956230806154,1.0,rover
1282,0.5133696133445603,4.460378009747922,1.5788588746326533,1.0,rover
1282,0.8853026740059117,4.621021416455584,1.6052310999546862,1.0,rover
1282,0.6913772916818068,4.057904062880242,1.520003216062426,1.0,rover
1282,1.0633103523431582,4.218547469587904,1.5463754413844588,1.0,rover
1460,-1.802438465954153,4.821848282548327,1.461826419484927,0.6,depth
1460,-1.7395352908431212,4.618698645132411,1.5611236158243984,0.6,depth
1460,-1.7139452884599904,4.6459482449163945,1.6753800970658181,0.6,depth
1460,-1.672626702466315,5.397171808705672,1.670152494996921,0.6,depth
1460,-1.7763146844471605,4.565129565822645,1.5948278565519824,0.6,depth
1460,-1.7685033541041495,4.128191381430582,1.5203107630133705,0.6,depth
1460,-1.7178633694665972,5.100236287944524,1.7069763734665961,0.6,depth
1460,-1.6680515033349161,5.403466805339874,1.6313197279578422,0.6,depth
1460,-1.6932642615073221,5.129671406279821,1.586953843983624,0.6,depth
1460,-1.7405801246642598,4.051568555255033,1.5447321795479476,0.6,depth
1460,-1.7272322423570259,5.124601271074569,1.5618355780510718,0.6,depth
1461,-1.802438465954153,4.821848282548327,1.461826419484927,1.0,rover
1461,-1.7395352908431212,4.618698645132411,1.5611236158243984,1.0,rover
1461,-1.7139452884599904,4.6459482449163945,1.6753800970658181,1.0,rover
1461,-1.672626702466315,5.397171808705672,1.670152494996921,1.0,rover
1461,-1.7763146844471605,4.565129565822645,1.5948278565519824,1.0,rover
1461,-1.7685033541041495,4.128191381430582,1.5203107630133705,1.0,rover
1461,-1.7178633694665972,5.100236287944524,1.7069763734665961,1.0,rover
1461,-1.6680515033349161,5.403466805339874,1.6313197279578422,1.0,rover
1461,-1.6932642615073221,5.129671406279821,1.586953843983624,1.0,rover
1461,-1.7405801246642598,4.051568555255033,1.5447321795479476,1.0,rover
1461,-1.7272322423570259,5.124601271074569,1.5618355780510718,1.0,rover
1462,-0.4903074221931134,4.460089272084869,1.6193949594295507,1.0,rover
1462,-0.46792107551731077,4.86069706786091,1.6814291874490337,1.0,rover
1462,-0.04704170514001202,4.437006013896541,1.6085015083321756,1.0,rover
1462,-0.024655358464209326,4.837613809672582,1.6705357363516586,1.0,rover
1480,-1.7856381909863808,4.138693417640873,1.5946056071212416,0.6,depth
1480,-1.7406121165028996,5.018725725044761,1.6600719552284167,0.6,depth
1480,-1.7137145383844292,5.205600581970096,1.7022180108157956,0.6,depth
1480,-2.0584642860041016,4.421519313253628,1.5213691206601143,0.6,depth
1480,-1.6776209697985285,5.289516920444034,1.601920207865688,0.6,depth
1480,-1.7131152528411178,4.949463096165415,1.5463909296555787,0.6,depth
1480,-1.8129332920719905,4.018120882018278,1.5666752104872865,0.6,depth
1480,-1.7195536658514448,4.808597792086287,1.6030628205552575,0.6,depth
1480,-1.8094167202584537,4.875038945248461,1.522037724715849,0.6,depth
1481,-1.7856381909863808,4.138693417640873,1.5946056071212416,1.0,rover
1481,-1.7406121165028996,5.018725725044761,1.6600719552284167,1.0,rover
1481,-1.7137145383844292,5.205600581970096,1.7022180108157956,1.0,rover
1481,-2.0584642860041016,4.421519313253628,1.5213691206601143,1.0,rover
1481,-1.6776209697985285,5.289516920444034,1.601920207865688,1.0,rover
1481,-1.7131152528411178,4.949463096165415,1.5463909296555787,1.0,rover
1481,-1.8129332920719905,4.018120882018278,1.5666752104872865,1.0,rover
1481,-1.7195536658514448,4.808597792086287,1.6030628205552575,1.0,rover
1481,-1.8094167202584537,4.875038945248461,1.522037724715849,1.0,rover
1482,-0.49332699924134615,4.456167668133609,1.619437720877458,1.0,rover
1482,-0.47084958207069894,4.856787783145726,1.6813593581702084,1.0,rover
1482,-0.05007925452601811,4.433095041273771,1.6078148686215898,1.0,rover
1482,-0.02760183735537089,4.833715156285888,1.6697365059143403,1.0,rover
1660,-3.1743113950874777,4.161187983150684,1.7485164365649957,0.6,depth
1660,-3.188213438467407,4.111465980942939,1.6564246237516036,0.6,depth
1660,-3.246815152399401,4.840504337510195,1.7921081145393305,0.6,depth
1660,-3.1230667405503296,5.246126840000651,1.7129951606394946,0.6,depth
1660,-3.1887256314199504,3.761201651052117,1.7252398818482861,0.6,depth
1660,-3.2163229996494236,4.501313968156972,1.6107891959882799,0.6,depth
1660,-3.2967121513483066,4.399068281617454,1.7465971659446125,0.6,depth
1660,-3.088238004311394,5.008983421809922,1.7132004442200846,0.6,depth
1661,-3.1743113950874777,4.161187983150684,1.7485164365649957,1.0,rover
1661,-3.188213438467407,4.111465980942939,1.6564246237516036,1.0,rover
1661,-3.246815152399401,4.840504337510195,1.7921081145393305,1.0,rover
1661,-3.1230667405503296,5.246126840000651,1.7129951606394946,1.0,rover
1661,-3.1887256314199504,3.761201651052117,1.7252398818482861,1.0,rover
1661,-3.2163229996494236,4.501313968156972,1.6107891959882799,1.0,rover
1661,-3.2967121513483066,4.399068281617454,1.7465971659446125,1.0,rover
1661,-3.088238004311394,5.008983421809922,1.7132004442200846,1.0,rover
1662,-1.8429778512039188,4.353664084788615,1.731958507432923,1.0,rover
1662,-1.8530016255571822,4.758369522086955,1.762764886137259,1.0,rover
1662,-1.3994577298966535,4.365913497964634,1.7153496582123462,1.0,rover
1662,-1.409481504249917,4.770618935262973,1.7461560369166824,1.0,rover
1680,-3.201055613848445,4.061916159453448,1.7483948660016253,0.6,depth
1680,-3.210186192400747,4.04730324235149,1.7485976861048034,0.6,depth
1680,-3.103836190599384,5.217763170771791,1.7937938789828463,0.6,depth
1680,-3.1109205142993153,4.777906537664378,1.7702356521213645,0.6,depth
1680,-3.0780266245304273,3.9365936774484385,1.7335662218161392,0.6,depth
1681,-3.201055613848445,4.061916159453448,1.7483948660016253,1.0,rover
1681,-3.210186192400747,4.04730324235149,1.7485976861048034,1.0,rover
1681,-3.103836190599384,5.217763170771791,1.7937938789828463,1.0,rover
1681,-3.1109205142993153,4.777906537664378,1.7702356521213645,1.0,rover
1681,-3.0780266245304273,3.9365936774484385,1.7335662218161392,1.0,rover
1682,-1.8356245703777965,4.352209512454807,1.7348108288763036,1.0,rover
1682,-1.8459555707263775,4.756871561387599,1.7660821669562754,1.0,rover
1682,-1.3921269029751338,4.364839555526029,1.7178903968364274,1.0,rover
1682,-1.4024579033237148,4.769501604458821,1.7491617349163995,1.0,rover
1860,-4.211716941315507,5.6032478030647335,1.928968795673371,0.6,depth
1860,-4.409304619885054,5.181959860940864,2.061389250497654,0.6,depth
1860,-4.730226653081882,5.135735194832527,1.8405778947503062,0.6,depth
1860,-4.796582374036335,4.460204130144511,1.9430358994761414,0.6,depth
1860,-4.9014698694483725,4.820727998724151,1.90334451446112,0.6,depth
1860,-4.333444280070417,5.383169804746033,1.8597558363844564,0.6,depth
1861,-4.211716941315507,5.6032478030647335,1.928968795673371,1.0,rover
1861,-4.409304619885054,5.181959860940864,2.061389250497654,1.0,rover
1861,-4.730226653081882,5.135735194832527,1.8405778947503062,1.0,rover
1861,-4.796582374036335,4.460204130144511,1.9430358994761414,1.0,rover
1861,-4.9014698694483725,4.820727998724151,1.90334451446112,1.0,rover
1861,-4.333444280070417,5.383169804746033,1.8597558363844564,1.0,rover
1862,-3.5183148760071843,4.24333668029037,1.8810596802468118,1.0,rover
1862,-3.320393421997323,4.595066526918977,1.9252095730353462,1.0,rover
1862,-3.130973967478259,4.031031216873684,1.8360106982004578,1.0,rover
1862,-2.9330525134683976,4.382761063502291,1.8801605909889922,1.0,rover
1880,-4.146387343812527,5.601050163336311,2.026181149924251,0.6,depth
1880,-4.449413986571637,5.210075690745571,1.77103759293499,0.6,depth
1880,-4.252012819460341,5.5589542384548825,1.9731105843294119,0.6,depth
1880,-4.152262552116686,5.735150538134575,1.888695098896052,0.6,depth
1880,-4.470469657595675,5.121649354308608,1.8937533713460841,0.6,depth
1880,-4.852561796765769,4.486459402722635,1.7759711487336949,0.6,depth
1880,-4.775146831052182,4.558814548392532,1.9106432399805382,0.6,depth
1880,-4.845383285068876,5.617760614459668,1.7844904824133523,0.6,depth
1880,-4.258238825143044,5.452328318757322,1.9252943838857999,0.6,depth
1880,-4.260799880282409,5.542647988279768,1.8969133226447052,0.6,depth
1881,-4.146387343812527,5.601050163336311,2.026181149924251,1.0,rover
1881,-4.449413986571637,5.210075690745571,1.77103759293499,1.0,rover
1881,-4.252012819460341,5.5589542384548825,1.9731105843294119,1.0,rover
1881,-4.152262552116686,5.735150538134575,1.888695098896052,1.0,rover
1881,-4.470469657595675,5.121649354308608,1.8937533713460841,1.0,rover
1881,-4.852561796765769,4.486459402722635,1.7759711487336949,1.0,rover
1881,-4.775146831052182,4.558814548392532,1.9106432399805382,1.0,rover
1881,-4.845383285068876,5.617760614459668,1.7844904824133523,1.0,rover
1881,-4.258238825143044,5.452328318757322,1.9252943838857999,1.0,rover
1881,-4.260799880282409,5.542647988279768,1.8969133226447052,1.0,rover
1882,-3.5045950826666834,4.261740902120361,1.8276208399952996,1.0,rover
1882,-3.3048458389734097,4.6125661353839735,1.87072415018717,1.0,rover
1882,-3.1182124488246976,4.046591679524891,1.7881838994205694,1.0,rover
1882,-2.918463205131424,4.397416912788504,1.83128720961244,1.0,rover
2060,-1.7350682801672987,5.732199369403598,1.7490352355892684,0.6,depth
2060,-2.00124309922361,6.304870011480314,1.7216031776457776,0.6,depth
2060,-1.3206270404517573,5.895415938840892,1.6367909500378335,0.6,depth
2061,-1.7350682801672987,5.732199369403598,1.7490352355892684,1.0,rover
2061,-2.00124309922361,6.304870011480314,1.7216031776457776,1.0,rover
2061,-1.3206270404517573,5.895415938840892,1.6367909500378335,1.0,rover
2062,-2.9368424533502995,5.3361071246691445,1.8636429844888258,1.0,rover
2062,-2.727879805720076,4.990127802271336,1.8253164875380201,1.0,rover
2062,-3.3166291941667483,5.106166750659052,1.8686883685295423,1.0,rover
2062,-3.107666546536525,4.760187428261243,1.8303618715787369,1.0,rover
2080,-1.7340861622841706,6.227912300570644,1.7231319559202114,0.6,depth
2080,-1.9277458578543407,6.12043510605133,1.749083756037216,0.6,depth
2080,-1.5212052267473295,5.330958948177154,1.6579850621211156,0.6,depth
2080,-1.7755050572525701,5.780745121996047,1.8371929316911055,0.6,depth
2080,-1.9814297422203124,6.36450368018086,1.643701193131819,0.6,depth
2080,-1.5192343003255522,5.376089882248076,1.6398706146602091,0.6,depth
2080,-2.185874597873026,6.432546298275404,1.7145215646246283,0.6,depth
2080,-2.138489886825454,6.3574968546658885,1.8624553942351012,0.6,depth
2081,-1.7340861622841706,6.227912300570644,1.7231319559202114,1.0,rover
2081,-1.9277458578543407,6.12043510605133,1.749083756037216,1.0,rover
2081,-1.5212052267473295,5.330958948177154,1.6579850621211156,1.0,rover
2081,-1.7755050572525701,5.780745121996047,1.8371929316911055,1.0,rover
2081,-1.9814297422203124,6.36450368018086,1.643701193131819,1.0,rover
2081,-1.5192343003255522,5.376089882248076,1.6398706146602091,1.0,rover
2081,-2.185874597873026,6.432546298275404,1.7145215646246283,1.0,rover
2081,-2.138489886825454,6.3574968546658885,1.8624553942351012,1.0,rover
2082,-2.9536533619099163,5.33775146263347,1.8800561119331398,1.0,rover
2082,-2.745098772019623,4.991614317811624,1.8409401304131552,1.0,rover
2082,-3.333666916238698,5.1081909948435955,1.8853182554602703,1.0,rover
2082,-3.1251123263484044,4.76205385002175,1.8462022739402857,1.0,rover
2260,-0.8266318806698867,4.08460694460637,1.68285136793925,0.6,depth
2260,-1.3737652851948436,3.3888736562578097,1.7404095521102607,0.6,depth
2260,-0.8244331754163499,4.050240131958079,1.7494582536293137,0.6,depth
2260,-0.8000868936128254,4.128079529788864,1.680623649700621,0.6,depth
2260,-0.9697804568399737,3.77424016540361,1.736981608495522,0.6,depth
2260,-0.8151475232617846,4.109580599405441,1.7550214673416666,0.6,depth
2260,-1.4910929099559644,3.296631577368813,1.6151300726406583,0.6,depth
2260,-1.601568565742154,3.14784963976217,1.6057072135171786,0.6,depth
2260,-1.4427290573801264,2.932981916683063,1.7196954582777506,0.6,depth
2260,-0.7776969008517542,3.80116357320215,1.7209256922861902,0.6,depth
2260,-0.7899736090943419,4.126854749255113,1.694508874295913,0.6,depth
2261,-0.8266318806698867,4.08460694460637,1.68285136793925,1.0,rover
2261,-1.3737652851948436,3.3888736562578097,1.7404095521102607,1.0,rover
2261,-0.8244331754163499,4.050240131958079,1.7494582536293137,1.0,rover
2261,-0.8000868936128254,4.128079529788864,1.680623649700621,1.0,rover
2261,-0.9697804568399737,3.77424016540361,1.736981608495522,1.0,rover
2261,-0.8151475232617846,4.109580599405441,1.7550214673416666,1.0,rover
2261,-1.4910929099559644,3.296631577368813,1.6151300726406583,1.0,rover
2261,-1.601568565742154,3.14784963976217,1.6057072135171786,1.0,rover
2261,-1.4427290573801264,2.932981916683063,1.7196954582777506,1.0,rover
2261,-0.7776969008517542,3.80116357320215,1.7209256922861902,1.0,rover
2261,-0.7899736090943419,4.126854749255113,1.694508874295913,1.0,rover
2262,-1.9936024094926212,4.597616610674679,1.903502226018138,1.0,rover
2262,-2.249141236586093,4.282386247303255,1.890628770521919,1.0,rover
2262,-2.338297887836718,4.8757877963337775,1.9341912904897924,1.0,rover
2262,-2.59383671493019,4.560557432962354,1.9213178349935733,1.0,rover
2280,-1.057340340169472,3.565110430119317,1.6618819051872031,0.6,depth
2280,-0.8171186857105122,4.050543978942107,1.6628256814709417,0.6,depth
2280,-0.7453336784909541,4.235198167519128,1.6610192051756107,0.6,depth
2280,-0.7614179032939106,4.195728915029955,1.712497735025743,0.6,depth
2280,-1.613214241769661,3.152610578026235,1.586234545756547,0.6,depth
2280,-1.467769118745178,3.317331562424611,1.591490099077772,0.6,depth
2280,-0.7783373736217187,4.163499132486285,1.635266486176329,0.6,depth
2280,-1.3871855237669257,3.3899038687057312,1.7229288502259303,0.6,depth
2280,-1.245447283597008,3.5454635838025412,1.7522549819081994,0.6,depth
2281,-1.057340340169472,3.565110430119317,1.6618819051872031,1.0,rover
2281,-0.8171186857105122,4.050543978942107,1.6628256814709417,1.0,rover
2281,-0.7453336784909541,4.235198167519128,1.6610192051756107,1.0,rover
2281,-0.7614179032939106,4.195728915029955,1.712497735025743,1.0,rover
2281,-1.613214241769661,3.152610578026235,1.586234545756547,1.0,rover
2281,-1.467769118745178,3.317331562424611,1.591490099077772,1.0,rover
2281,-0.7783373736217187,4.163499132486285,1.635266486176329,1.0,rover
2281,-1.3871855237669257,3.3899038687057312,1.7229288502259303,1.0,rover
2281,-1.245447283597008,3.5454635838025412,1.7522549819081994,1.0,rover
2282,-2.003042187828786,4.605401862394126,1.9023173566956262,1.0,rover
2282,-2.2584920410249323,4.290096996772855,1.8895027471573134,1.0,rover
2282,-2.3478169930270134,4.883483159337141,1.932929870330015,1.0,rover
2282,-2.6032668462231596,4.568178293715869,1.9201152607917022,1.0,rover
2460,0.5030997945189197,6.308764452839556,1.7198978785479864,0.6,depth
2460,-0.12420414578586587,6.238696695878494,1.6790256766722744,0.6,depth
2460,0.26844488210664963,6.108331645089352,1.723850089770894,0.6,depth
2460,1.204362586617144,6.07037572996126,1.6710267834981785,0.6,depth
2460,0.5788023326931369,6.2728275922772285,1.7596428999431208,0.6,depth
2460,0.6071813299143349,5.908829040640093,1.7296637231073089,0.6,depth
2460,0.0562794576717503,6.174640937239738,1.6765572323803948,0.6,depth
2460,1.0096064976977015,5.797814568650267,1.6671324792245228,0.6,depth
2460,-0.14722059242524946,6.241797207340242,1.758219267612299,0.6,depth
2460,0.742852389896953,7.915169299365877,1.726129761895472,0.6,depth
2460,0.40618703050094246,6.289592426626521,1.6884998787549126,0.6,depth
2461,0.5030997945189197,6.308764452839556,1.7198978785479864,1.0,rover
2461,-0.12420414578586587,6.238696695878494,1.6790256766722744,1.0,rover
2461,0.26844488210664963,6.108331645089352,1.723850089770894,1.0,rover
2461,1.204362586617144,6.07037572996126,1.6710267834981785,1.0,rover
2461,0.5788023326931369,6.2728275922772285,1.7596428999431208,1.0,rover
2461,0.6071813299143349,5.908829040640093,1.7296637231073089,1.0,rover
2461,0.0562794576717503,6.174640937239738,1.6765572323803948,1.0,rover
2461,1.0096064976977015,5.797814568650267,1.6671324792245228,1.0,rover
2461,-0.14722059242524946,6.241797207340242,1.758219267612299,1.0,rover
2461,0.742852389896953,7.915169299365877,1.726129761895472,1.0,rover
2461,0.40618703050094246,6.289592426626521,1.6884998787549126,1.0,rover
2462,-0.2652305587854982,4.91040782939133,1.6881095876012802,1.0,rover
2462,0.09089466144081199,4.72100128924578,1.6418928150089125,1.0,rover
2462,-0.4772603220478419,4.523082477616495,1.6416504511110765,1.0,rover
2462,-0.1211351018215317,4.333675937470947,1.5954336785187089,1.0,rover
2480,-0.048354445045132116,6.179145995626803,1.802214812049342,0.6,depth
2480,0.19921205124250518,6.080134272770575,1.6973075410323093,0.6,depth
2480,0.044477656051722325,6.23883242730599,1.7202472984388246,0.6,depth
2480,0.10734224294352868,6.195521987559363,1.8076456314573,0.6,depth
2480,1.2378725374819588,6.101790801492828,1.675322802123094,0.6,depth
2480,0.22711801873264886,7.730018677698118,1.7256982642142886,0.6,depth
2480,0.07711042246918653,6.118289901328905,1.7390943854227734,0.6,depth
2480,0.6999904611234906,5.802652707208814,1.6370619066498509,0.6,depth
2480,1.3670436133908175,5.694187803876934,1.576736602993592,0.6,depth
2480,0.6710250634212889,5.7986710040698215,1.7020972973410096,0.6,depth
2480,1.122811068815255,5.5778464482018695,1.6270583778802243,0.6,depth
2480,0.48861484613052425,6.069421323140581,1.5738124399617424,0.6,depth
2480,1.294107870171166,5.803751857202377,1.6263021285681782,0.6,depth
2481,-0.048354445045132116,6.179145995626803,1.802214812049342,1.0,rover
2481,0.19921205124250518,6.080134272770575,1.6973075410323093,1.0,rover
2481,0.044477656051722325,6.23883242730599,1.7202472984388246,1.0,rover
2481,0.10734224294352868,6.195521987559363,1.8076456314573,1.0,rover
2481,1.2378725374819588,6.101790801492828,1.675322802123094,1.0,rover
2481,0.22711801873264886,7.730018677698118,1.7256982642142886,1.0,rover
2481,0.07711042246918653,6.118289901328905,1.7390943854227734,1.0,rover
2481,0.6999904611234906,5.802652707208814,1.6370619066498509,1.0,rover
2481,1.3670436133908175,5.694187803876934,1.576736602993592,1.0,rover
2481,0.6710250634212889,5.7986710040698215,1.7020972973410096,1.0,rover
2481,1.122811068815255,5.5778464482018695,1.6270583778802243,1.0,rover
2481,0.48861484613052425,6.069421323140581,1.5738124399617424,1.0,rover
2481,1.294107870171166,5.803751857202377,1.6263021285681782,1.0,rover
2482,-0.2684325000293525,4.909689340933952,1.6868804238776913,1.0,rover
2482,0.08798049750335024,4.7207300640480305,1.6410528462796625,1.0,rover
2482,-0.47992545813268617,4.5220995932134604,1.6401801440641064,1.0,rover
2482,-0.12351246059998339,4.3331403163275395,1.5943525664660774,1.0,rover
2660,1.4099455823184062,6.991751923107603,1.529293869081118,0.6,depth
2660,1.5084707707606448,6.895165787974346,1.7180824972908006,0.6,depth
2660,1.8296270890178383,7.1118053615886625,1.3186382981172047,0.6,depth
2660,1.366877603818732,7.291937635743854,1.708752789053359,0.6,depth
2660,1.7198463312706442,6.58539997714166,1.6347085628100002,0.6,depth
2660,1.4425170773303557,6.9323512426704355,1.655531159499868,0.6,depth
2660,1.84931309812315,6.410814549770249,1.45278752542773,0.6,depth
2660,1.9904591548915431,6.306691065454606,1.5275458788320861,0.6,depth
2660,2.1327247456542717,6.315981947692271,1.4040613886049798,0.6,depth
2660,1.5042957759114757,6.863414313009165,1.6916279085945485,0.6,depth
2661,1.4099455823184062,6.991751923107603,1.529293869081118,1.0,rover
2661,1.5084707707606448,6.895165787974346,1.7180824972908006,1.0,rover
2661,1.8296270890178383,7.1118053615886625,1.3186382981172047,1.0,rover
2661,1.366877603818732,7.291937635743854,1.708752789053359,1.0,rover
2661,1.7198463312706442,6.58539997714166,1.6347085628100002,1.0,rover
2661,1.4425170773303557,6.9323512426704355,1.655531159499868,1.0,rover
2661,1.84931309812315,6.410814549770249,1.45278752542773,1.0,rover
2661,1.9904591548915431,6.306691065454606,1.5275458788320861,1.0,rover
2661,2.1327247456542717,6.315981947692271,1.4040613886049798,1.0,rover
2661,1.5042957759114757,6.863414313009165,1.6916279085945485,1.0,rover
2662,0.6945291391592471,5.881341317069065,1.7342850742946225,1.0,rover
2662,0.950268527825895,5.576178266483789,1.6548566307627404,1.0,rover
2662,0.35756665709725577,5.593095178579436,1.7567895033795757,1.0,rover
2662,0.6133060457639037,5.28793212799416,1.6773610598476938,1.0,rover
2680,2.0393612708486506,6.292658108902511,1.473933884038341,0.6,depth
2680,2.0963286304328363,6.166070599918329,1.5050328425698916,0.6,depth
2680,2.056552218439189,6.190524738929223,1.3456567869430132,0.6,depth
2680,2.1536573704079602,6.031142938219574,1.3142712809443633,0.6,depth
2680,2.3098669635409337,6.03088350290328,1.3483658505572353,0.6,depth
2680,1.500294814384262,6.866691386939671,1.6587434166768562,0.6,depth
2680,1.5328448967260897,6.881628520615224,1.488276802001283,0.6,depth
2680,1.6585268475990689,6.742899213038644,1.576637527106167,0.6,depth
2681,2.0393612708486506,6.292658108902511,1.473933884038341,1.0,rover
2681,2.0963286304328363,6.166070599918329,1.5050328425698916,1.0,rover
2681,2.056552218439189,6.190524738929223,1.3456567869430132,1.0,rover
2681,2.1536573704079602,6.031142938219574,1.3142712809443633,1.0,rover
2681,2.3098669635409337,6.03088350290328,1.3483658505572353,1.0,rover
2681,1.500294814384262,6.866691386939671,1.6587434166768562,1.0,rover
2681,1.5328448967260897,6.881628520615224,1.488276802001283,1.0,rover
2681,1.6585268475990689,6.742899213038644,1.576637527106167,1.0,rover
2682,0.6875615974519702,5.865966441214214,1.7333507480054533,1.0,rover
2682,0.9436089472345356,5.561067514716933,1.6539001388817354,1.0,rover
2682,0.35088491002348765,5.577382418205929,1.755802246987411,1.0,rover
2682,0.6069322598060531,5.2724834917086465,1.6763516378636933,1.0,rover
2860,2.747260933948821,4.06949930454746,1.3080026823637192,0.6,depth
2860,2.9885455870445994,4.062426480620054,1.5147542682104482,0.6,depth
2860,1.6559683775171201,3.756394175469677,1.4385617196817515,0.6,depth
2860,2.386251248813484,3.7061179319772783,1.1878329799281027,0.6,depth
2860,1.9331643883755611,3.848920904275585,1.3864338884094307,0.6,depth
2860,2.372450484893113,3.9896710606971686,1.2851120529709361,0.6,depth
2860,2.190241984228147,3.9123243037026505,1.3501510041782596,0.6,depth
2860,1.7443845838368799,3.8004006019622794,1.367408388174607,0.6,depth
2860,1.6887704951190787,3.8128368299447475,1.3387134053622474,0.6,depth
2860,2.0092402907541986,3.8460238131886886,1.3135043097338055,0.6,depth
2860,2.885188278881354,4.022496929294844,1.424200772816586,0.6,depth
2861,2.747260933948821,4.06949930454746,1.3080026823637192,1.0,rover
2861,2.9885455870445994,4.062426480620054,1.5147542682104482,1.0,rover
2861,1.6559683775171201,3.756394175469677,1.4385617196817515,1.0,rover
2861,2.386251248813484,3.7061179319772783,1.1878329799281027,1.0,rover
2861,1.9331643883755611,3.848920904275585,1.3864338884094307,1.0,rover
2861,2.372450484893113,3.9896710606971686,1.2851120529709361,1.0,rover
2861,2.190241984228147,3.9123243037026505,1.3501510041782596,1.0,rover
2861,1.7443845838368799,3.8004006019622794,1.367408388174607,1.0,rover
2861,1.6887704951190787,3.8128368299447475,1.3387134053622474,1.0,rover
2861,2.0092402907541986,3.8460238131886886,1.3135043097338055,1.0,rover
2861,2.885188278881354,4.022496929294844,1.424200772816586,1.0,rover
2862,2.2025895962151694,5.187250672156441,1.5887518100423779,1.0,rover
2862,1.8072791563097232,5.096135697919806,1.5725124266914137,1.0,rover
2862,2.101805580066843,5.61821588939544,1.6240726766675946,1.0,rover
2862,1.7064951401613966,5.527100915158805,1.6078332933166304,1.0,rover
2880,2.9546408100499892,4.083089694892253,1.4096768725578674,0.6,depth
2880,2.1369806519941292,3.9301488534213185,1.3308150908833203,0.6,depth
2880,2.2559972340706205,3.697292153259105,1.3812321729940613,0.6,depth
2880,1.6034741629456961,3.801646162506576,1.2697871472124174,0.6,depth
2880,2.760175261220434,3.785088552237113,1.201808830239645,0.6,depth
2880,2.0431375399972125,3.850363186943667,1.302640755615387,0.6,depth
2880,2.8317395695337124,3.838803674108914,1.3370799292939595,0.6,depth
2880,1.8382742990451413,3.8250926732788963,1.3075368357772377,0.6,depth
2880,2.8729339645955636,4.114735303458583,1.2886470897238633,0.6,depth
2880,2.3009659783189877,3.9380403130698105,1.3639930303077628,0.6,depth
2880,2.1415413913276002,3.8477987783686665,1.255879532625751,0.6,depth
2881,2.9546408100499892,4.083089694892253,1.4096768725578674,1.0,rover
2881,2.1369806519941292,3.9301488534213185,1.3308150908833203,1.0,rover
2881,2.2559972340706205,3.697292153259105,1.3812321729940613,1.0,rover
2881,1.6034741629456961,3.801646162506576,1.2697871472124174,1.0,rover
2881,2.760175261220434,3.785088552237113,1.201808830239645,1.0,rover
2881,2.0431375399972125,3.850363186943667,1.302640755615387,1.0,rover
2881,2.8317395695337124,3.838803674108914,1.3370799292939595,1.0,rover
2881,1.8382742990451413,3.8250926732788963,1.3075368357772377,1.0,rover
2881,2.8729339645955636,4.114735303458583,1.2886470897238633,1.0,rover
2881,2.3009659783189877,3.9380403130698105,1.3639930303077628,1.0,rover
2881,2.1415413913276002,3.8477987783686665,1.255879532625751,1.0,rover
2882,2.204529204257791,5.194678163682724,1.5821647777073293,1.0,rover
2882,1.8091632495102683,5.104797950442253,1.561109871048137,1.0,rover
2882,2.1044526574390243,5.625314717934157,1.6230651801415796,1.0,rover
2882,1.7090867026915015,5.535434504693686,1.6020102734823871,1.0,rover
3060,3.731815201942055,3.7647713758436567,1.25605209151187,0.6,depth
3060,3.401543539223275,3.144193887904008,1.3749452070022716,0.6,depth
3060,3.7210696728974586,4.106351968625666,1.3135156015969887,0.6,depth
3060,3.32039329173288,3.0368832346557273,1.3295850106394729,0.6,depth
3060,3.7121173516954604,4.090361417107469,1.3435190992346042,0.6,depth
3060,3.611852097782571,4.020005747224683,1.3405321599024076,0.6,depth
3060,3.479564792199456,3.3836028707369596,1.310406673323941,0.6,depth
3060,3.3674334872768563,3.186185103395176,1.2776300072012776,0.6,depth
3060,3.37899087229457,3.2280975324855525,1.3184706370087935,0.6,depth
3060,3.3674808843597734,3.0681471134130645,1.260956059709908,0.6,depth
3061,3.731815201942055,3.7647713758436567,1.25605209151187,1.0,rover
3061,3.401543539223275,3.144193887904008,1.3749452070022716,1.0,rover
3061,3.7210696728974586,4.106351968625666,1.3135156015969887,1.0,rover
3061,3.32039329173288,3.0368832346557273,1.3295850106394729,1.0,rover
3061,3.7121173516954604,4.090361417107469,1.3435190992346042,1.0,rover
3061,3.611852097782571,4.020005747224683,1.3405321599024076,1.0,rover
3061,3.479564792199456,3.3836028707369596,1.310406673323941,1.0,rover
3061,3.3674334872768563,3.186185103395176,1.2776300072012776,1.0,rover
3061,3.37899087229457,3.2280975324855525,1.3184706370087935,1.0,rover
3061,3.3674808843597734,3.0681471134130645,1.260956059709908,1.0,rover
3062,2.3573078041578728,4.154100839331145,1.5112164622682909,1.0,rover
3062,2.2444350001031177,3.764109463964633,1.5096489022046082,1.0,rover
3062,1.93250626407465,4.2768876024277995,1.5512547233589975,1.0,rover
3062,1.819633460019895,3.886896227061288,1.5496871632953149,1.0,rover
3080,3.411159441816121,3.2935503384619613,1.176609411109316,0.6,depth
3080,3.404397429554135,3.0646860889955545,1.264482029498332,0.6,depth
3080,3.7284547910865715,3.459072687785048,1.2413462267211228,0.6,depth
3080,3.342080220771516,3.031982228382568,1.3748951166474042,0.6,depth
3080,3.5495850609635062,3.5503947415830273,1.399890858081354,0.6,depth
3080,3.7414457394846607,3.6804999989411824,1.255506796853634,0.6,depth
3081,3.411159441816121,3.2935503384619613,1.176609411109316,1.0,rover
3081,3.404397429554135,3.0646860889955545,1.264482029498332,1.0,rover
3081,3.7284547910865715,3.459072687785048,1.2413462267211228,1.0,rover
3081,3.342080220771516,3.031982228382568,1.3748951166474042,1.0,rover
3081,3.5495850609635062,3.5503947415830273,1.399890858081354,1.0,rover
3081,3.7414457394846607,3.6804999989411824,1.255506796853634,1.0,rover
3082,2.351392546387617,4.155751230803255,1.5195875200970743,1.0,rover
3082,2.239012713144408,3.7656220290012006,1.5171423244974929,1.0,rover
3082,1.9263872715123713,4.277928318233425,1.5593276211953049,1.0,rover
3082,1.8140074382691624,3.88779911643137,1.5568824255957237,1.0,rover
3260,4.886640993189283,5.047243739148616,1.3424290267309054,0.6,depth
3260,5.074851234725101,4.64824387911896,1.3658455827494644,0.6,depth
3260,4.9048930142317255,4.858640036433706,1.3366307593367568,0.6,depth
3260,5.10223292717766,4.687885531553917,1.4657053947771006,0.6,depth
3260,5.212534221964103,5.274261215889303,1.4436852320042628,0.6,depth
3260,5.407494314735165,3.855461517550199,1.3818174205027598,0.6,depth
3260,4.936134884606804,5.202415680400948,1.2985291861452373,0.6,depth
3260,6.294131087262248,3.655144522493524,1.4596530595477006,0.6,depth
3261,4.886640993189283,5.047243739148616,1.3424290267309054,1.0,rover
3261,5.074851234725101,4.64824387911896,1.3658455827494644,1.0,rover
3261,4.9048930142317255,4.858640036433706,1.3366307593367568,1.0,rover
3261,5.10223292717766,4.687885531553917,1.4657053947771006,1.0,rover
3261,5.212534221964103,5.274261215889303,1.4436852320042628,1.0,rover
3261,5.407494314735165,3.855461517550199,1.3818174205027598,1.0,rover
3261,4.936134884606804,5.202415680400948,1.2985291861452373,1.0,rover
3261,6.294131087262248,3.655144522493524,1.4596530595477006,1.0,rover
3262,3.735816360881055,4.464743329932594,1.4318884786175314,1.0,rover
3262,3.853804244710852,4.077321400572686,1.4605085401201316,1.0,rover
3262,3.312434246146173,4.33379840404042,1.4047405264717043,1.0,rover
3262,3.43042212997597,3.946376474680511,1.4333605879743045,1.0,rover
3280,5.027884067949145,4.64869910707525,1.4076855685046408,0.6,depth
3280,5.177493960719913,5.1187055213922426,1.411089981384005,0.6,depth
3280,4.687751216031601,5.3098747049360515,1.2466094616232548,0.6,depth
3280,5.187643103003145,4.0539526491011735,1.338244519736808,0.6,depth
3280,4.703995663152428,5.316541363329051,1.26920827900107,0.6,depth
3280,5.152672509406818,4.050476139666375,1.4068162190570759,0.6,depth
3281,5.027884067949145,4.64869910707525,1.4076855685046408,1.0,rover
3281,5.177493960719913,5.1187055213922426,1.411089981384005,1.0,rover
3281,4.687751216031601,5.3098747049360515,1.2466094616232548,1.0,rover
3281,5.187643103003145,4.0539526491011735,1.338244519736808,1.0,rover
3281,4.703995663152428,5.316541363329051,1.26920827900107,1.0,rover
3281,5.152672509406818,4.050476139666375,1.4068162190570759,1.0,rover
3282,3.646380641519163,4.533630456590473,1.39186788097513,1.0,rover
3282,3.7738960219622686,4.149313732044097,1.4214733362899077,1.0,rover
3282,3.226081279895996,4.392392282303177,1.3687113539654403,1.0,rover
3282,3.3535966603391016,4.0080755577568015,1.3983168092802183,1.0,rover
3460,7.086235400565881,4.234176311195223,1.8418113548674258,0.6,depth
3460,6.53561407245661,4.557331025172076,1.8179739304568512,0.6,depth
3460,6.5479771572929595,4.371664525458668,1.7981311814295808,0.6,depth
3460,6.360201813627116,5.313106710295167,1.7023728004607974,0.6,depth
3460,6.4884884301366546,4.6231458736020254,1.8034586424168217,0.6,depth
3460,6.3597946923801025,5.338006453626537,1.6787748035903134,0.6,depth
3460,6.359174329112584,5.237588057228516,1.7668384365807537,0.6,depth
3460,6.49406595754151,4.977505088980282,1.7923817798481747,0.6,depth
3461,7.086235400565881,4.234176311195223,1.8418113548674258,1.0,rover
3461,6.53561407245661,4.557331025172076,1.8179739304568512,1.0,rover
3461,6.5479771572929595,4.371664525458668,1.7981311814295808,1.0,rover
3461,6.360201813627116,5.313106710295167,1.7023728004607974,1.0,rover
3461,6.4884884301366546,4.6231458736020254,1.8034586424168217,1.0,rover
3461,6.3597946923801025,5.338006453626537,1.6787748035903134,1.0,rover
3461,6.359174329112584,5.237588057228516,1.7668384365807537,1.0,rover
3461,6.49406595754151,4.977505088980282,1.7923817798481747,1.0,rover
3462,5.17745294866502,4.831291416933101,1.7711703887371928,1.0,rover
3462,5.252270347812251,4.432550941923337,1.786803378656976,1.0,rover
3462,4.742711728534147,4.748330895903575,1.735763843161136,1.0,rover
3462,4.817529127681379,4.3495904208938105,1.751396833080919,1.0,rover
3480,6.623219915638245,4.398583402999148,1.8155333247252186,0.6,depth
3480,6.493183262271565,5.148696679255994,1.7577130257353815,0.6,depth
3480,6.645480923930201,4.1087455101079575,1.8347128811344886,0.6,depth
3480,6.480513005944393,5.202252806744915,1.9069136146102146,0.6,depth
3480,6.530933002279826,5.11245798039424,1.75839105043466,0.6,depth
3481,6.623219915638245,4.398583402999148,1.8155333247252186,1.0,rover
3481,6.493183262271565,5.148696679255994,1.7577130257353815,1.0,rover
3481,6.645480923930201,4.1087455101079575,1.8347128811344886,1.0,rover
3481,6.480513005944393,5.202252806744915,1.9069136146102146,1.0,rover
3481,6.530933002279826,5.11245798039424,1.75839105043466,1.0,rover
3482,5.2658334011732135,4.72803787424503,1.813363558873683,1.0,rover
3482,5.336866619551799,4.328563057801527,1.827860210701261,1.0,rover
3482,4.830585805582472,4.649244246520086,1.7748006912103373,1.0,rover
3482,4.901619023961057,4.249769430076583,1.7892973430379153,1.0,rover
3660,5.737789992722115,3.0233502059412687,1.4181544521230371,0.6,depth
3660,5.901183250243302,2.999599503295008,1.5346916748863149,0.6,depth
3660,5.487726653753079,2.9029769097923994,1.3369373542488177,0.6,depth
3660,6.054489908101456,2.8256114976599243,1.270883547458469,0.6,depth
3660,5.510658294930002,2.917083161668838,1.4810087703062818,0.6,depth
3660,5.60415379485257,2.9398387721618615,1.5116550120976833,0.6,depth
3661,5.737789992722115,3.0233502059412687,1.4181544521230371,1.0,rover
3661,5.901183250243302,2.999599503295008,1.5346916748863149,1.0,rover
3661,5.487726653753079,2.9029769097923994,1.3369373542488177,1.0,rover
3661,6.054489908101456,2.8256114976599243,1.270883547458469,1.0,rover
3661,5.510658294930002,2.917083161668838,1.4810087703062818,1.0,rover
3661,5.60415379485257,2.9398387721618615,1.5116550120976833,1.0,rover
3662,6.250377813441964,4.256652301039449,1.7372041037624704,1.0,rover
3662,5.8452194568858955,4.233166340365206,1.7257535245634292,1.0,rover
3662,6.223225707614953,4.695716748982322,1.7973802925897724,1.0,rover
3662,5.818067351058884,4.672230788308078,1.7859297133907315,1.0,rover
3680,5.7126678349344795,3.0122622088752564,1.3867008924798683,0.6,depth
3680,6.3165889798691195,3.01940985011357,1.517777541386824,0.6,depth
3680,6.124745269337787,2.793846751029903,1.5114649066112529,0.6,depth
3680,5.293164194789773,3.028231590514797,1.6223731792816842,0.6,depth
3680,5.741550183165045,2.980744168528165,1.5557628717611955,0.6,depth
3681,5.7126678349344795,3.0122622088752564,1.3867008924798683,1.0,rover
3681,6.3165889798691195,3.01940985011357,1.517777541386824,1.0,rover
3681,6.124745269337787,2.793846751029903,1.5114649066112529,1.0,rover
3681,5.293164194789773,3.028231590514797,1.6223731792816842,1.0,rover
3681,5.741550183165045,2.980744168528165,1.5557628717611955,1.0,rover
3682,6.147788767126832,4.285355460874383,1.7047962726778845,1.0,rover
3682,5.7421808220359,4.269891028193666,1.6959054796324957,1.0,rover
3682,6.130275123823958,4.728064008262238,1.7337516584980592,1.0,rover
3682,5.724667178733027,4.712599575581521,1.7248608654526705,1.0,rover
3860,5.402441665237359,2.037539897780462,1.426650455128673,0.6,depth
3860,5.639752324545064,1.8396523963432603,1.5141063807173076,0.6,depth
3860,6.03136242747841,2.192823175614506,1.6345999734276757,0.6,depth
3860,5.268264528185837,1.989443616668469,1.483373591100467,0.6,depth
3860,6.372414957792537,2.302077171247826,1.5551642804174337,0.6,depth
3860,6.272628695589418,2.2560100374961305,1.6109039155802218,0.6,depth
3860,6.64362625061732,2.3549445232777093,1.4617398538004234,0.6,depth
3860,5.767117182720215,1.83288532050668,1.39802748016396,0.6,depth
3860,5.3557431701937,1.9994106426769025,1.514722773329522,0.6,depth
3861,5.402441665237359,2.037539897780462,1.426650455128673,1.0,rover
3861,5.639752324545064,1.8396523963432603,1.5141063807173076,1.0,rover
3861,6.03136242747841,2.192823175614506,1.6345999734276757,1.0,rover
3861,5.268264528185837,1.989443616668469,1.483373591100467,1.0,rover
3861,6.372414957792537,2.302077171247826,1.5551642804174337,1.0,rover
3861,6.272628695589418,2.2560100374961305,1.6109039155802218,1.0,rover
3861,6.64362625061732,2.3549445232777093,1.4617398538004234,1.0,rover
3861,5.767117182720215,1.83288532050668,1.39802748016396,1.0,rover
3861,5.3557431701937,1.9994106426769025,1.514722773329522,1.0,rover
3862,5.833616925051972,3.424632158981877,1.658741963738985,1.0,rover
3862,5.441824481917202,3.3207322656766878,1.6355149606249815,1.0,rover
3862,5.719366064837487,3.853600448921492,1.6670454067918794,1.0,rover
3862,5.327573621702717,3.749700555616303,1.6438184036778756,1.0,rover
3880,5.2469959305076666,2.000075835896606,1.5092257550985995,0.6,depth
3880,5.36733721845344,2.0721310798456773,1.4108342265323977,0.6,depth
3880,6.199704517579959,2.289260167062424,1.6402585248724595,0.6,depth
3880,6.4639902779571985,2.2161028350402074,1.5271302404627984,0.6,depth
3880,6.153366598289014,2.0885668225459675,1.4685707619096464,0.6,depth
3880,5.505462946902689,2.074949810381822,1.3815363309962212,0.6,depth
3881,5.2469959305076666,2.000075835896606,1.5092257550985995,1.0,rover
3881,5.36733721845344,2.0721310798456773,1.4108342265323977,1.0,rover
3881,6.199704517579959,2.289260167062424,1.6402585248724595,1.0,rover
3881,6.4639902779571985,2.2161028350402074,1.5271302404627984,1.0,rover
3881,6.153366598289014,2.0885668225459675,1.4685707619096464,1.0,rover
3881,5.505462946902689,2.074949810381822,1.3815363309962212,1.0,rover
3882,5.820606984688232,3.461546441952139,1.6589466563580477,1.0,rover
3882,5.429519584562233,3.3550089176913054,1.6357863155345722,1.0,rover
3882,5.70345402123282,3.8897246925284112,1.6675819842069306,1.0,rover
3882,5.312366621106821,3.783187168267578,1.6444216433834553,1.0,rover
